address,building_name,price,beds,baths,sqft,property_type,status,latitude,longitude,zpid,url,listing_type,scraped_at
"532 Neptune Ave, Brooklyn, NY",Sky Three,3225,1,N/A,N/A,MULTI_UNIT,For Rent,40.57934,-73.97442,N/A,https://www.zillow.com/apartments/brooklyn-ny/sky-three/Cknr6R/,rent,2026-01-31T14:48:06.461335
"190 Beach 69th St, Arverne, NY",The Tides At Arverne By The Sea,3300,1,N/A,N/A,MULTI_UNIT,For Rent,40.58985,-73.797356,N/A,https://www.zillow.com/apartments/arverne-ny/the-tides-at-arverne-by-the-sea/ChWHPZ/,rent,2026-01-31T14:48:06.461351
"504 Sackett St, Brooklyn, NY",Society Brooklyn,3995,0,N/A,N/A,MULTI_UNIT,For Rent,40.680218,-73.98869,N/A,https://www.zillow.com/apartments/brooklyn-ny/society-brooklyn/CpNtg6/,rent,2026-01-31T14:48:06.461355
"18 India St, Brooklyn, NY",The Riverie,3525,0,N/A,N/A,MULTI_UNIT,For Rent,40.731365,-73.96041,N/A,https://www.zillow.com/apartments/brooklyn-ny/the-riverie/Cjgkrz/,rent,2026-01-31T14:48:06.461360
"255 E 39th St, New York, NY",The Lotus Lottery,3543,0,N/A,N/A,MULTI_UNIT,For Rent,40.748238,-73.97387,N/A,https://www.zillow.com/apartments/new-york-ny/the-lotus-lottery/CqPzng/,rent,2026-01-31T14:48:06.461362
"776 6th Ave, New York, NY",The Capitol,4735,0,N/A,N/A,MULTI_UNIT,For Rent,40.744976,-73.99104,N/A,https://www.zillow.com/apartments/new-york-ny/the-capitol/CkLq8m/,rent,2026-01-31T14:48:06.461366
"23-10 42nd Rd, Long Island City, NY",23-10 42nd Rd,2890,0,N/A,N/A,MULTI_UNIT,For Rent,40.75025,-73.94231,N/A,https://www.zillow.com/apartments/long-island-city-ny/23-10-42nd-rd/CjMBBq/,rent,2026-01-31T14:48:06.461369
"98-81 Queens Blvd, Rego Park, NY",Trylon Tower,3000,0,N/A,N/A,MULTI_UNIT,For Rent,40.72793,-73.85516,N/A,https://www.zillow.com/apartments/rego-park-ny/trylon-tower/Cm45hD/,rent,2026-01-31T14:48:06.461372
"1 Eagle St, Brooklyn, NY",Eagle and West,3492,0,N/A,N/A,MULTI_UNIT,For Rent,40.735012,-73.96088,N/A,https://www.zillow.com/apartments/brooklyn-ny/eagle-and-west/Ch69z5/,rent,2026-01-31T14:48:06.461375
"400 W 61st St, New York, NY",Waterline Square,6000,0,N/A,N/A,MULTI_UNIT,For Rent,40.77337,-73.99152,N/A,https://www.zillow.com/b/waterline-square-new-york-ny-CgGsm4/,rent,2026-01-31T14:48:06.461378
"2 Blue Slip, Brooklyn, NY",Two Blue Slip,3298,0,N/A,N/A,MULTI_UNIT,For Rent,40.736507,-73.95958,N/A,https://www.zillow.com/apartments/brooklyn-ny/two-blue-slip/CgyXnK/,rent,2026-01-31T14:48:06.461384
"111 Worth St, New York, NY",111 Worth,4821,0,N/A,N/A,MULTI_UNIT,For Rent,40.716057,-74.003494,N/A,https://www.zillow.com/apartments/new-york-ny/111-worth/5XjYSJ/,rent,2026-01-31T14:48:06.461387
"1 Blue Slip, Brooklyn, NY",One Blue Slip,3245,0,N/A,N/A,MULTI_UNIT,For Rent,40.736584,-73.959236,N/A,https://www.zillow.com/apartments/brooklyn-ny/one-blue-slip/Ch6nMP/,rent,2026-01-31T14:48:06.461390
"240 Willoughby St, Brooklyn, NY",240 Willoughby,3235,0,N/A,N/A,MULTI_UNIT,For Rent,40.691505,-73.978325,N/A,https://www.zillow.com/apartments/brooklyn-ny/240-willoughby/CjfNwW/,rent,2026-01-31T14:48:06.461394
"1065 2nd Ave, New York, NY",Aalto57,4797,0,N/A,N/A,MULTI_UNIT,For Rent,40.75887,-73.96582,N/A,https://www.zillow.com/apartments/new-york-ny/aalto57/CgMBZr/,rent,2026-01-31T14:48:06.461397
"1515 Surf Ave, Brooklyn, NY",1515 Surf,3065,1,N/A,N/A,MULTI_UNIT,For Rent,40.576065,-73.982994,N/A,https://www.zillow.com/apartments/brooklyn-ny/1515-surf/CkBcxM/,rent,2026-01-31T14:48:06.461402
"20 Halletts Point, Astoria, NY",20 Halletts Point,3292,1,N/A,N/A,MULTI_UNIT,For Rent,40.776615,-73.93621,N/A,https://www.zillow.com/apartments/astoria-ny/20-halletts-point/CjhWRd/,rent,2026-01-31T14:48:06.461404
"15 Cliff St, New York, NY",15 Cliff,4434,1,N/A,N/A,MULTI_UNIT,For Rent,40.70824,-74.00544,N/A,https://www.zillow.com/apartments/new-york-ny/15-cliff/22BQ/,rent,2026-01-31T14:48:06.461407
"Staten Island Urby, 7 Navy Pier Ct Unit 1028, Staten Island, NY 10304",,2516,N/A,1,538,APARTMENT,Apartment for rent,40.629314,-74.07389,2078275169,https://www.zillow.com/apartments/staten-island-ny/staten-island-urby/CkCgG9/,rent,2026-01-31T14:48:06.461412
"300 E 50th St, New York, NY",Anagram Turtle Bay,4800,0,N/A,N/A,MULTI_UNIT,For Rent,40.75461,-73.9684,N/A,https://www.zillow.com/apartments/new-york-ny/anagram-turtle-bay/CmVbNk/,rent,2026-01-31T14:48:06.461414
"282 11th Ave, New York, NY",Avalon West Chelsea,4402,0,N/A,N/A,MULTI_UNIT,For Rent,40.752235,-74.00434,N/A,https://www.zillow.com/apartments/new-york-ny/avalon-west-chelsea/ChcJSv/,rent,2026-01-31T14:48:06.461417
"525 W 28th St, New York, NY",AVA High Line,3875,0,N/A,N/A,MULTI_UNIT,For Rent,40.751564,-74.00337,N/A,https://www.zillow.com/apartments/new-york-ny/ava-high-line/4MH7/,rent,2026-01-31T14:48:06.461420
"1 Bell Slip, Brooklyn, NY",The Bellslip,2906,0,N/A,N/A,MULTI_UNIT,For Rent,40.73735,-73.958664,N/A,https://www.zillow.com/apartments/brooklyn-ny/the-bellslip/CqJK2f/,rent,2026-01-31T14:48:06.461424
"560 W 43rd St, New York, NY",Riverbank,3663,0,N/A,N/A,MULTI_UNIT,For Rent,40.761242,-73.99777,N/A,https://www.zillow.com/apartments/new-york-ny/riverbank/5Xj5k4/,rent,2026-01-31T14:48:06.461427
"335 8th Ave, New York, NY",Mabel,5155,0,N/A,N/A,MULTI_UNIT,For Rent,40.74762,-73.99725,N/A,https://www.zillow.com/apartments/new-york-ny/mabel/CmVvTr/,rent,2026-01-31T14:48:06.461433
"SoMA, 25 Water St #Ea4094a34, New York, NY 10004",,Contact Landlord,N/A,1,N/A,APARTMENT,Apartment for rent,40.703045,-74.010506,454054585,https://www.zillow.com/apartments/new-york-ny/soma/Cm6xS2/,rent,2026-01-31T14:48:06.461437
"New York City - LaGuardia Airport, 18-30 Whitestone Expy, Whitestone, NY 11357",,3599,N/A,1,300,APARTMENT,Apartment for rent,40.782963,-73.82624,452682722,https://www.zillow.com/apartments/whitestone-ny/new-york-city-laguardia-airport/CmBPPp/,rent,2026-01-31T14:48:06.461441
"120 W 21st St, New York, NY",21 Chelsea,4599,0,N/A,N/A,MULTI_UNIT,For Rent,40.741943,-73.994995,N/A,https://www.zillow.com/apartments/new-york-ny/21-chelsea/5XjKmx/,rent,2026-01-31T14:48:06.461443
"150 E 34th St, New York, NY",Murray Hill Marquis,3805,0,N/A,N/A,MULTI_UNIT,For Rent,40.74609,-73.97922,N/A,https://www.zillow.com/apartments/new-york-ny/murray-hill-marquis/ChbrjF/,rent,2026-01-31T14:48:06.461445
"166-20 90th Ave, Jamaica, NY",Ruby Square,2820,1,N/A,N/A,MULTI_UNIT,For Rent,40.707226,-73.794395,N/A,https://www.zillow.com/apartments/jamaica-ny/ruby-square/CkZpTf/,rent,2026-01-31T14:48:06.461446
"5 Bay St, Staten Island, NY",The Residences at Lighthouse Point,2815,0,N/A,N/A,MULTI_UNIT,For Rent,40.64131,-74.07433,N/A,https://www.zillow.com/apartments/staten-island-ny/the-residences-at-lighthouse-point/Ck84Sf/,rent,2026-01-31T14:48:06.461449
"The Dylan, 309 5th Ave APT 12C, New York, NY 10016",,5281,1,1,542,APARTMENT,Apartment for rent,40.746826,-73.98546,2101552218,https://www.zillow.com/apartments/manhattan-ny/the-dylan/3LSS/,rent,2026-01-31T14:48:06.461453
"5 Lincoln Ave, Bronx, NY",Lincoln at Bankside,2495,0,N/A,N/A,MULTI_UNIT,For Rent,40.80508,-73.92899,N/A,https://www.zillow.com/apartments/bronx-ny/lincoln-at-bankside/CgrLpc/,rent,2026-01-31T14:48:06.461454
"160 Front St, Brooklyn, NY",Magnolia Dumbo,4267,0,N/A,N/A,MULTI_UNIT,For Rent,40.70224,-73.98602,N/A,https://www.zillow.com/apartments/brooklyn-ny/magnolia-dumbo/CjjDjS/,rent,2026-01-31T14:48:06.461459
"10 Hanover Sq, New York, NY",10 Hanover Square,3872,0,N/A,N/A,MULTI_UNIT,For Rent,40.704464,-74.00899,N/A,https://www.zillow.com/apartments/new-york-ny/10-hanover-square/5hC6r4/,rent,2026-01-31T14:48:06.461461
"10 E 29th St, New York, NY",Anagram Nomad,4699,0,N/A,N/A,MULTI_UNIT,For Rent,40.744823,-73.9861,N/A,https://www.zillow.com/apartments/new-york-ny/anagram-nomad/CkBWT4/,rent,2026-01-31T14:48:06.461465
"2385 3rd Ave, Bronx, NY",Third at Bankside,2825,1,N/A,N/A,MULTI_UNIT,For Rent,40.80856,-73.93197,N/A,https://www.zillow.com/apartments/bronx-ny/third-at-bankside/ChHgmV/,rent,2026-01-31T14:48:06.461468
"407 W 206th St, New York, NY",Miramar,3130,0,N/A,N/A,MULTI_UNIT,For Rent,40.86348,-73.91763,N/A,https://www.zillow.com/apartments/new-york-ny/miramar/Ckg3bQ/,rent,2026-01-31T14:48:06.461470
"95 Wall St, New York, NY",95 Wall,3933,0,N/A,N/A,MULTI_UNIT,For Rent,40.704678,-74.007576,N/A,https://www.zillow.com/apartments/new-york-ny/95-wall/5XSsMP/,rent,2026-01-31T14:48:06.461474
"7 Dekalb Ave, Brooklyn, NY",7 Dekalb,4091,1,N/A,N/A,MULTI_UNIT,For Rent,40.690468,-73.98284,N/A,https://www.zillow.com/apartments/brooklyn-ny/7-dekalb/Ck2TRs/,rent,2026-01-31T14:48:06.461477
"400 W 63rd St, New York, NY",The Ashley,4052,0,N/A,N/A,MULTI_UNIT,For Rent,40.77458,-73.99,N/A,https://www.zillow.com/apartments/new-york-ny/the-ashley/5Xj4Ns/,rent,2026-01-31T14:48:06.461478
"250 W 50th St, New York, NY",Avalon Midtown West,3610,0,N/A,N/A,MULTI_UNIT,For Rent,40.76183,-73.98582,N/A,https://www.zillow.com/apartments/new-york-ny/avalon-midtown-west/5XVMHG/,rent,2026-01-31T14:48:14.123618
"417 E 57th St, New York, NY",Sutton Marquis,4375,1,N/A,N/A,MULTI_UNIT,For Rent,40.758224,-73.96217,N/A,https://www.zillow.com/apartments/new-york-ny/sutton-marquis/3J8D/,rent,2026-01-31T14:48:14.123630
"60 Riverside Blvd, New York, NY",The Aldyn,3866,0,N/A,N/A,MULTI_UNIT,For Rent,40.774574,-73.99098,N/A,https://www.zillow.com/apartments/new-york-ny/the-aldyn/2BHy/,rent,2026-01-31T14:48:14.123631
"60 Wharf Dr, Brooklyn, NY",West Wharf,3522,0,N/A,N/A,MULTI_UNIT,For Rent,40.726765,-73.96054,N/A,https://www.zillow.com/apartments/brooklyn-ny/west-wharf/CgH58y/,rent,2026-01-31T14:48:14.123636
"111 Lawrence St, Brooklyn, NY",The Brooklyner,3402,0,N/A,N/A,MULTI_UNIT,For Rent,40.69274,-73.985954,N/A,https://www.zillow.com/apartments/brooklyn-ny/the-brooklyner/5XrT9T/,rent,2026-01-31T14:48:14.123640
"180 Montague St, Brooklyn, NY",180 Montague,Call,0,N/A,N/A,MULTI_UNIT,For Rent,40.693985,-73.99189,N/A,https://www.zillow.com/apartments/brooklyn-ny/180-montague/5XyZr5/,rent,2026-01-31T14:48:14.123644
"535 Carlton Ave, Brooklyn, NY",535 Carlton Avenue,Call,0,N/A,N/A,MULTI_UNIT,For Rent,40.680996,-73.97079,N/A,https://www.zillow.com/apartments/brooklyn-ny/535-carlton-avenue/CkCVDW/,rent,2026-01-31T14:48:14.123648
"70 W 95th St, New York, NY",Marquis West Side,4295,1,N/A,N/A,MULTI_UNIT,For Rent,40.79188,-73.96787,N/A,https://www.zillow.com/apartments/new-york-ny/marquis-west-side/5XjMc6/,rent,2026-01-31T14:48:14.123651
"101 W 90th St, New York, NY",James Marquis,5189,1,N/A,N/A,MULTI_UNIT,For Rent,40.78924,-73.970505,N/A,https://www.zillow.com/apartments/new-york-ny/james-marquis/Ck8pfD/,rent,2026-01-31T14:48:14.123653
"2600 Netherland Ave, Bronx, NY",The Century,2775,1,N/A,N/A,MULTI_UNIT,For Rent,40.878735,-73.91449,N/A,https://www.zillow.com/apartments/bronx-ny/the-century/37XF/,rent,2026-01-31T14:48:14.123654
"30 Waterside Plz, New York, NY",Waterside,3348,0,N/A,N/A,MULTI_UNIT,For Rent,40.73782,-73.97294,N/A,https://www.zillow.com/apartments/new-york-ny/waterside/CgHCwZ/,rent,2026-01-31T14:48:14.123657
"515 W 52nd St, New York, NY",Avalon Clinton,3515,0,N/A,N/A,MULTI_UNIT,For Rent,40.76645,-73.99173,N/A,https://www.zillow.com/apartments/new-york-ny/avalon-clinton/5XVMSF/,rent,2026-01-31T14:48:14.123661
"808 Columbus Ave, New York, NY",Columbus Square,3811,0,N/A,N/A,MULTI_UNIT,For Rent,40.794712,-73.96675,N/A,https://www.zillow.com/apartments/new-york-ny/columbus-square/5XTGhj/,rent,2026-01-31T14:48:14.123664
"389 S End Ave, New York, NY",Gateway,3683,0,N/A,N/A,MULTI_UNIT,For Rent,40.711334,-74.0168,N/A,https://www.zillow.com/apartments/new-york-ny/gateway/5XjY8c/,rent,2026-01-31T14:48:14.123667
"401 E 34th St, New York, NY",View 34,3838,0,N/A,N/A,MULTI_UNIT,For Rent,40.74365,-73.97271,N/A,https://www.zillow.com/apartments/new-york-ny/view-34/5XT4pw/,rent,2026-01-31T14:48:14.123670
"Alvista Rise, 147-25 94th Ave #2017, Jamaica, NY 11435",,2450,1,1,600,APARTMENT,Apartment for rent,40.699585,-73.80614,2061660917,https://www.zillow.com/apartments/jamaica-ny/alvista-rise/CkKPP9/,rent,2026-01-31T14:48:14.123676
"475 48th Ave, Long Island City, NY",Avalon Riverview,3475,0,N/A,N/A,MULTI_UNIT,For Rent,40.74507,-73.956665,N/A,https://www.zillow.com/apartments/long-island-city-ny/avalon-riverview/ChdkCn/,rent,2026-01-31T14:48:14.123678
"148-37 88th Ave, Jamaica, NY",Archer House,2400,1,N/A,N/A,MULTI_UNIT,For Rent,40.705765,-73.80671,N/A,https://www.zillow.com/apartments/jamaica-ny/archer-house/CkBRRF/,rent,2026-01-31T14:48:14.123682
"43 Douglaston Pkwy, Little Neck, NY",Fairfield Manor at Douglaston,1995,0,N/A,N/A,MULTI_UNIT,For Rent,40.765587,-73.74433,N/A,https://www.zillow.com/apartments/douglaston-ny/fairfield-manor-at-douglaston/CjjC7T/,rent,2026-01-31T14:48:14.123684
"Fairfield Riverpark At Astoria, 18 Ditmars Blvd #1B-1Ba, Astoria, NY 11105",,2900,1,1,N/A,APARTMENT,Apartment for rent,40.77955,-73.915245,440022908,https://www.zillow.com/apartments/astoria-ny/fairfield-riverpark-at-astoria/Cp4T2V/,rent,2026-01-31T14:48:14.123687
"707 Beach 9th St, Far Rockaway, NY",Fairfield At Far Rockaway,1850,0,N/A,N/A,MULTI_UNIT,For Rent,40.60222,-73.74599,N/A,https://www.zillow.com/apartments/far-rockaway-ny/fairfield-at-far-rockaway/5YCf98/,rent,2026-01-31T14:48:14.123689
"345 Lenox Rd #5D, Brooklyn, NY 11226",,4000,2,2,1050,APARTMENT,Apartment for rent,40.65463,-73.948,320253629,https://www.zillow.com/homedetails/345-Lenox-Rd-5D-Brooklyn-NY-11226/320253629_zpid/,rent,2026-01-31T14:48:14.123693
"441 Beach 28th St Floor 1, Far Rockaway, NY 11691",,2600,2,1,900,APARTMENT,Apartment for rent,40.59843,-73.76196,460116925,https://www.zillow.com/homedetails/441-Beach-28th-St-FLOOR-1-Far-Rockaway-NY-11691/460116925_zpid/,rent,2026-01-31T14:48:14.123695
"237 Pelton Ave #2, Staten Island, NY 10310",,2800,3,1,1200,APARTMENT,Apartment for rent,40.6372,-74.11044,460120521,https://www.zillow.com/homedetails/237-Pelton-Ave-2-Staten-Island-NY-10310/460120521_zpid/,rent,2026-01-31T14:48:14.123696
"14903 Sanford Ave, Flushing, NY 11355",,2900,3,2,1150,APARTMENT,Apartment for rent,40.76067,-73.81499,32039841,https://www.zillow.com/homedetails/14903-Sanford-Ave-Flushing-NY-11355/32039841_zpid/,rent,2026-01-31T14:48:14.123698
"764 Macon St #3B, Brooklyn, NY 11233",,3250,1,1,553,APARTMENT,Apartment for rent,40.68426,-73.92,440533030,https://www.zillow.com/homedetails/764-Macon-St-3B-Brooklyn-NY-11233/440533030_zpid/,rent,2026-01-31T14:48:14.123699
"1110 129th St, Flushing, NY 11356",,2000,1,1,600,SINGLE_FAMILY,House for rent,40.786842,-73.839226,32022197,https://www.zillow.com/homedetails/1110-129th-St-Flushing-NY-11356/32022197_zpid/,rent,2026-01-31T14:48:14.123700
"15002 Hillside Ave, Jamaica, NY",,2450,1,N/A,N/A,MULTI_UNIT,For Rent,40.706383,-73.806206,N/A,https://www.zillow.com/b/15002-hillside-ave-jamaica-ny-97hjzm/,rent,2026-01-31T14:48:14.123702
"131-05 40th Rd, Flushing, NY",,2800,0,N/A,N/A,MULTI_UNIT,For Rent,40.756542,-73.83745,N/A,https://www.zillow.com/b/13107-40th-rd-queens-ny-CgLxwY/,rent,2026-01-31T14:48:14.123704
"338 96th St #4B, Brooklyn, NY 11209",,1340,N/A,1,N/A,APARTMENT,Apartment for rent,40.615788,-74.03297,2078266520,https://www.zillow.com/homedetails/338-96th-St-4B-Brooklyn-NY-11209/2078266520_zpid/,rent,2026-01-31T14:48:14.123708
"65-50 Wetherole St #4N, Rego Park, NY 11374",,2700,2,1,900,APARTMENT,Apartment for rent,40.726017,-73.858864,122027419,https://www.zillow.com/homedetails/65-50-Wetherole-St-4N-Rego-Park-NY-11374/122027419_zpid/,rent,2026-01-31T14:48:14.123709
"11880 Metropolitan Ave APT 5A, Kew Gardens, NY 11415",,2500,1,1,N/A,APARTMENT,Apartment for rent,40.706318,-73.83239,2120588713,https://www.zillow.com/homedetails/11880-Metropolitan-Ave-APT-5A-Kew-Gardens-NY-11415/2120588713_zpid/,rent,2026-01-31T14:48:14.123710
"500 9th Ave #5E, New York, NY 10018",,2500,1,1,N/A,APARTMENT,Apartment for rent,40.755684,-73.99423,447078650,https://www.zillow.com/homedetails/500-9th-Ave-5E-New-York-NY-10018/447078650_zpid/,rent,2026-01-31T14:48:14.123712
"(undisclosed Address), Bronx, NY 10467",,3600,3,1,1400,TOWNHOUSE,Townhouse for rent,N/A,N/A,29826291,https://www.zillow.com/homedetails/Bronx-NY-10467/29826291_zpid/,rent,2026-01-31T14:48:14.123713
"1018 E 92nd St #R, Brooklyn, NY 11236",,2195,1,1,N/A,APARTMENT,Apartment for rent,40.644028,-73.9084,459653055,https://www.zillow.com/homedetails/1018-E-92nd-St-R-Brooklyn-NY-11236/459653055_zpid/,rent,2026-01-31T14:48:14.123715
"879 Elsmere Pl APT 2, Bronx, NY 10460",,3500,3,1,800,APARTMENT,Apartment for rent,40.84236,-73.8863,459762828,https://www.zillow.com/homedetails/879-Elsmere-Pl-APT-2-Bronx-NY-10460/459762828_zpid/,rent,2026-01-31T14:48:14.123716
"1345 Boynton Ave Floor 1, Bronx, NY 10472",,4680,5,2,1200,APARTMENT,Apartment for rent,40.83279,-73.879486,2060802056,https://www.zillow.com/homedetails/1345-Boynton-Ave-FLOOR-1-Bronx-NY-10472/2060802056_zpid/,rent,2026-01-31T14:48:14.123718
"(undisclosed Address), Flushing, NY 11356",,2950,3,1,1200,APARTMENT,Apartment for rent,N/A,N/A,2092151600,https://www.zillow.com/homedetails/Flushing-NY-11356/2092151600_zpid/,rent,2026-01-31T14:48:14.123719
"2897 Harrington Ave, Bronx, NY",,1825,0,N/A,N/A,MULTI_UNIT,For Rent,40.840458,-73.83241,N/A,https://www.zillow.com/b/2897-harrington-ave-bronx-ny-97TPhQ/,rent,2026-01-31T14:48:14.123720
"126-08 95th Ave, South Richmond Hill, NY 11419",,4200,3,1,N/A,TOWNHOUSE,Townhouse for rent,40.694042,-73.82083,456160437,https://www.zillow.com/homedetails/126-08-95th-Ave-South-Richmond-Hill-NY-11419/456160437_zpid/,rent,2026-01-31T14:48:14.123723
"13835 39th Ave, Flushing, NY",,3000,1,N/A,N/A,MULTI_UNIT,For Rent,40.751232,-73.821365,N/A,https://www.zillow.com/b/13835-39th-ave-flushing-ny-Chx66r/,rent,2026-01-31T14:48:14.123725
"785 E 160th Street #2B, Bronx, NY 10456",,400000,3,2,1181,CONDO,Condo for sale,40.82042,-73.90337,459930676,https://www.zillow.com/homedetails/785-E-160th-St-2B-Bronx-NY-10456/459930676_zpid/,sale,2026-01-31T14:48:15.506746
"551 E 12th St #3, New York, NY 10009",,150000,1,1,N/A,CONDO,Condo for sale,40.728275,-73.97912,2078013134,https://www.zillow.com/homedetails/551-E-12th-St-3-New-York-NY-10009/2078013134_zpid/,sale,2026-01-31T14:48:15.506757
"46 Winegar Ln, Staten Island, NY 10310",,250000,4,2,1220,SINGLE_FAMILY,House for sale,40.63564,-74.11698,64509515,https://www.zillow.com/homedetails/46-Winegar-Ln-Staten-Island-NY-10310/64509515_zpid/,sale,2026-01-31T14:48:15.506759
"58 Saint Nicholas Ave, Brooklyn, NY 11237",,299900,8,6,4800,MULTI_FAMILY,Multi-family home for sale,40.706676,-73.920654,2056278762,https://www.zillow.com/homedetails/58-Saint-Nicholas-Ave-Brooklyn-NY-11237/2056278762_zpid/,sale,2026-01-31T14:48:15.506760
"514 9th St #3, Brooklyn, NY 11215",,795000,2,1,800,CONDO,Condo for sale,40.665615,-73.97953,30588012,https://www.zillow.com/homedetails/514-9th-St-3-Brooklyn-NY-11215/30588012_zpid/,sale,2026-01-31T14:48:15.506762
"155-27 89th Street #27, Howard Beach, NY 11414",,299999,3,2,N/A,CONDO,Condo for sale,40.665474,-73.844894,458182526,https://www.zillow.com/homedetails/155-27-89th-St-Howard-Beach-NY-11414/458182526_zpid/,sale,2026-01-31T14:48:15.506764
"217 W 57th St #127/128, New York, NY 10019",,128000000,8,10,11535,CONDO,Condo for sale,40.766476,-73.98126,2068952873,https://www.zillow.com/homedetails/217-W-57th-St-127-128-New-York-NY-10019/2068952873_zpid/,sale,2026-01-31T14:48:15.506765
"191-02 39th Avenue, Flushing, NY 11358",,954000,3,2,1683,SINGLE_FAMILY,House for sale,40.76161,-73.79077,32044966,https://www.zillow.com/homedetails/19102-39th-Ave-Flushing-NY-11358/32044966_zpid/,sale,2026-01-31T14:48:15.506766
"100 W 57th St #19H, New York, NY 10019",,189000,1,1,900,CONDO,Condo for sale,40.764317,-73.9776,72519070,https://www.zillow.com/homedetails/100-W-57th-St-19H-New-York-NY-10019/72519070_zpid/,sale,2026-01-31T14:48:15.506768
"215-15 23 Avenue #TH, Bayside, NY 11360",,565000,3,3,2000,CONDO,Condo for sale,40.783363,-73.77525,457665465,https://www.zillow.com/homedetails/215-15-23rd-Ave-TOWNHOUSE-Bayside-NY-11360/457665465_zpid/,sale,2026-01-31T14:48:15.506769
"220 77th St, Brooklyn, NY 11209",,25000000,6,8,14000,SINGLE_FAMILY,House for sale,40.630257,-74.03036,30696332,https://www.zillow.com/homedetails/220-77th-St-Brooklyn-NY-11209/30696332_zpid/,sale,2026-01-31T14:48:15.506770
"111 W 57th St Unit Quadplex 80, New York, NY 10019",,98000000,5,8,11480,CONDO,Condo for sale,40.764774,-73.97785,449319167,https://www.zillow.com/homedetails/111-W-57th-St-UNIT-QUADPLEX-80-New-York-NY-10019/449319167_zpid/,sale,2026-01-31T14:48:15.506773
"805 E 182nd Street #4E, Bronx, NY 10460",,89000,1,1,750,CONDO,Condo for sale,40.848644,-73.88372,450876172,https://www.zillow.com/homedetails/805-E-182nd-St-4E-Bronx-NY-10460/450876172_zpid/,sale,2026-01-31T14:48:15.506774
"60-30 56th Dr, Maspeth, NY 11378",,695000,3,2,1440,SINGLE_FAMILY,House for sale,40.723557,-73.905235,444362874,https://www.zillow.com/homedetails/60-30-56th-Dr-Maspeth-NY-11378/444362874_zpid/,sale,2026-01-31T14:48:15.506776
"1352 145th Place, Whitestone, NY 11357",,1258000,3,3,2160,SINGLE_FAMILY,House for sale,40.787613,-73.82168,32026509,https://www.zillow.com/homedetails/1352-145th-Pl-Whitestone-NY-11357/32026509_zpid/,sale,2026-01-31T14:48:15.506777
"53 Morton St, Staten Island, NY 10306",,750000,3,2,1095,SINGLE_FAMILY,House for sale,40.57272,-74.133865,32338452,https://www.zillow.com/homedetails/53-Morton-St-Staten-Island-NY-10306/32338452_zpid/,sale,2026-01-31T14:48:15.506778
"4 E 79th St, New York, NY 10075",,68000000,6,11,17700,TOWNHOUSE,Townhouse for sale,40.776516,-73.96333,31534256,https://www.zillow.com/homedetails/4-E-79th-St-New-York-NY-10075/31534256_zpid/,sale,2026-01-31T14:48:15.506780
"100 West 57th Street #2G, New York (Manhattan), NY 10019",,99900,1,1,850,CONDO,Foreclosure,40.764317,-73.9776,72519015,https://www.zillow.com/homedetails/100-W-57th-St-APT-2G-Manhattan-NY-10019/72519015_zpid/,sale,2026-01-31T14:48:15.506781
"135 Ada Dr, Staten Island, NY 10314",,799000,5,3,2448,MULTI_FAMILY,Multi-family home for sale,40.620815,-74.158554,32305961,https://www.zillow.com/homedetails/135-Ada-Dr-Staten-Island-NY-10314/32305961_zpid/,sale,2026-01-31T14:48:15.506783
"953 President St APT 3, Brooklyn, NY 11215",,2499000,3,2,N/A,CONDO,Condo for sale,40.672256,-73.97123,245058856,https://www.zillow.com/homedetails/953-President-St-APT-3-Brooklyn-NY-11215/245058856_zpid/,sale,2026-01-31T14:48:15.506784
"369 Burgher Ave, Staten Island, NY 10305",,998000,4,2,1924,MULTI_FAMILY,Multi-family home for sale,40.590088,-74.08659,32327410,https://www.zillow.com/homedetails/369-Burgher-Ave-Staten-Island-NY-10305/32327410_zpid/,sale,2026-01-31T14:48:15.506785
"86-16 60th Avenue #4L, Elmhurst, NY 11373",,200000,2,2,1400,CONDO,Condo for sale,40.73063,-73.87317,245387446,https://www.zillow.com/homedetails/8616-60th-Ave-APT-4L-Flushing-NY-11373/245387446_zpid/,sale,2026-01-31T14:48:15.506787
"220-03 130th Avenue, Springfield Gardens, NY 11413",,649000,4,2,1351,SINGLE_FAMILY,House for sale,40.684345,-73.74568,32198447,https://www.zillow.com/homedetails/22003-130th-Ave-Springfield-Gardens-NY-11413/32198447_zpid/,sale,2026-01-31T14:48:15.506788
"355 Saint Johns Pl APT 4A, Brooklyn, NY 11238",,995000,3,2,N/A,CONDO,Condo for sale,40.674507,-73.96582,94719657,https://www.zillow.com/homedetails/355-Saint-Johns-Pl-APT-4A-Brooklyn-NY-11238/94719657_zpid/,sale,2026-01-31T14:48:15.506789
"1625 Overing Street, Bronx, NY 10461",,799999,4,3,2091,SINGLE_FAMILY,House for sale,40.84222,-73.84779,29812271,https://www.zillow.com/homedetails/1625-Overing-St-Bronx-NY-10461/29812271_zpid/,sale,2026-01-31T14:48:15.506790
"10151 116th St, South Richmond Hill, NY 11419",,195000,3,2,N/A,SINGLE_FAMILY,House for sale,40.687923,-73.827576,32123970,https://www.zillow.com/homedetails/10151-116th-St-South-Richmond-Hill-NY-11419/32123970_zpid/,sale,2026-01-31T14:48:15.506792
"1723 Lacombe Avenue #1A, Bronx, NY 10473",,215000,2,1,726,CONDO,New construction,40.81449,-73.86545,458830108,https://www.zillow.com/homedetails/1723-Lacombe-Ave-APT-1A-Bronx-NY-10473/458830108_zpid/,sale,2026-01-31T14:48:15.506793
"58-10 83rd Pl, New York, NY 10028",,1499000,5,5,3163,SINGLE_FAMILY,House for sale,40.778477,-73.95953,459320138,https://www.zillow.com/homedetails/58-10-83rd-Pl-New-York-NY-10028/459320138_zpid/,sale,2026-01-31T14:48:15.506795
"37 Buffalo Ave, Brooklyn, NY 11233",,1025000,6,3,1960,MULTI_FAMILY,Multi-family home for sale,40.677757,-73.92441,30606665,https://www.zillow.com/homedetails/37-Buffalo-Ave-Brooklyn-NY-11233/30606665_zpid/,sale,2026-01-31T14:48:15.506796
"246 E 90th St APT 4D, New York, NY 10128",,350000,1,1,N/A,CONDO,Condo for sale,40.78046,-73.95053,244800502,https://www.zillow.com/homedetails/246-E-90th-St-APT-4D-New-York-NY-10128/244800502_zpid/,sale,2026-01-31T14:48:15.506797
"3044 3rd Avenue #5G, Bronx, NY 10451",,325000,1,1,829,CONDO,Condo for sale,40.820232,-73.91254,89067969,https://www.zillow.com/homedetails/3044-3rd-Ave-APT-5G-Bronx-NY-10451/89067969_zpid/,sale,2026-01-31T14:48:15.506807
"19115 Williamson Avenue, Springfield Gardens, NY 11413",,449900,3,3,1250,SINGLE_FAMILY,Foreclosure,40.683624,-73.75393,32195982,https://www.zillow.com/homedetails/19115-Williamson-Ave-Queens-NY-11413/32195982_zpid/,sale,2026-01-31T14:48:15.506809
"609 Columbus Ave APT 10I, New York, NY 10024",,495000,1,1,N/A,CONDO,Condo for sale,40.788605,-73.97012,244831267,https://www.zillow.com/homedetails/609-Columbus-Ave-APT-10I-New-York-NY-10024/244831267_zpid/,sale,2026-01-31T14:48:15.506810
"6743 Selfridge Street, Forest Hills, NY 11375",,999999,4,3,1440,MULTI_FAMILY,Multi-family home for sale,40.71495,-73.85668,32002252,https://www.zillow.com/homedetails/6743-Selfridge-St-Forest-Hills-NY-11375/32002252_zpid/,sale,2026-01-31T14:48:15.506812
"407 Stoneham St, Staten Island, NY 10306",,750000,3,2,792,SINGLE_FAMILY,House for sale,40.55884,-74.11372,32334370,https://www.zillow.com/homedetails/407-Stoneham-St-Staten-Island-NY-10306/32334370_zpid/,sale,2026-01-31T14:48:15.506813
"141-11 Booth Memorial Avenue, Flushing, NY 11355",,1100000,3,1,1150,SINGLE_FAMILY,House for sale,40.74628,-73.82414,32041521,https://www.zillow.com/homedetails/14111-Booth-Memorial-Ave-Flushing-NY-11355/32041521_zpid/,sale,2026-01-31T14:48:15.506814
"1366 E 92nd St #201, Brooklyn, NY 11236",,254950,2,2,800,CONDO,Foreclosure,40.63712,-73.90057,30776047,https://www.zillow.com/homedetails/1366-E-92nd-St-201-Brooklyn-NY-11236/30776047_zpid/,sale,2026-01-31T14:48:15.506816
"202 Watchogue Rd, Staten Island, NY 10314",,629000,3,2,1320,SINGLE_FAMILY,House for sale,40.61557,-74.13614,32283368,https://www.zillow.com/homedetails/202-Watchogue-Rd-Staten-Island-NY-10314/32283368_zpid/,sale,2026-01-31T14:48:15.506817
"209 Windsor Pl, Brooklyn, NY 11215",,2600000,4,2,1738,SINGLE_FAMILY,House for sale,40.65851,-73.977684,30588939,https://www.zillow.com/homedetails/209-Windsor-Pl-Brooklyn-NY-11215/30588939_zpid/,sale,2026-01-31T14:48:15.506818
"14940 15th Drive, Whitestone, NY 11357",,1100000,3,3,1344,SINGLE_FAMILY,Coming soon,40.785683,-73.815216,32030540,https://www.zillow.com/homedetails/14940-15th-Dr-Whitestone-NY-11357/32030540_zpid/,sale,2026-01-31T14:48:15.506820
"1818 Forest Hill Rd, Staten Island, NY 10314",,619000,3,2,1293,TOWNHOUSE,Townhouse for sale,40.577133,-74.15986,32316165,https://www.zillow.com/homedetails/1818-Forest-Hill-Rd-Staten-Island-NY-10314/32316165_zpid/,sale,2026-01-31T14:48:15.506821
"342 E 72nd St #1E, New York, NY 10021",,250000,3,2,1046,CONDO,Condo for sale,40.768272,-73.95711,450059920,https://www.zillow.com/homedetails/342-E-72nd-St-1E-New-York-NY-10021/450059920_zpid/,sale,2026-01-31T14:48:21.468025
"1887 Strauss St, Brooklyn, NY 11212",,650000,4,3,1620,SINGLE_FAMILY,House for sale,40.66795,-73.915825,30631686,https://www.zillow.com/homedetails/1887-Strauss-St-Brooklyn-NY-11212/30631686_zpid/,sale,2026-01-31T14:48:21.468035
"108 Moffett St, Staten Island, NY 10312",,714999,3,2,1500,SINGLE_FAMILY,House for sale,40.54463,-74.17393,32356568,https://www.zillow.com/homedetails/108-Moffett-St-Staten-Island-NY-10312/32356568_zpid/,sale,2026-01-31T14:48:21.468037
"299 Troutman St, Brooklyn, NY 11237",,500000,16,8,6500,MULTI_FAMILY,Multi-family home for sale,40.70419,-73.92556,2111155552,https://www.zillow.com/homedetails/299-Troutman-St-Brooklyn-NY-11237/2111155552_zpid/,sale,2026-01-31T14:48:21.468038
"116 Silver Lake Rd, Staten Island, NY 10301",,899000,5,2,2862,MULTI_FAMILY,Multi-family home for sale,40.632206,-74.09493,32273811,https://www.zillow.com/homedetails/116-Silver-Lake-Rd-Staten-Island-NY-10301/32273811_zpid/,sale,2026-01-31T14:48:21.468040
"1535 E 31st St, Brooklyn, NY 11234",,3600,3,1,1200,MULTI_FAMILY,Multi-family home for sale,40.614994,-73.943,30756062,https://www.zillow.com/homedetails/1535-E-31st-St-Brooklyn-NY-11234/30756062_zpid/,sale,2026-01-31T14:48:21.468042
"129B Degraw St, Brooklyn, NY 11231",,2095000,3,4,1900,SINGLE_FAMILY,House for sale,40.68599,-74.00172,2077660579,https://www.zillow.com/homedetails/129B-Degraw-St-Brooklyn-NY-11231/2077660579_zpid/,sale,2026-01-31T14:48:21.468044
"35 Hales Ave, Staten Island, NY 10312",,1347000,3,4,2680,SINGLE_FAMILY,House for sale,40.53575,-74.16152,32350024,https://www.zillow.com/homedetails/35-Hales-Ave-Staten-Island-NY-10312/32350024_zpid/,sale,2026-01-31T14:48:21.468045
"21-28 35th #2A, Astoria, NY 11105",,349000,3,1,750,CONDO,Condo for sale,40.77616,-73.90752,2068770096,https://www.zillow.com/homedetails/21-28-35th-St-APT-2A-Astoria-NY-11105/2068770096_zpid/,sale,2026-01-31T14:48:21.468046
"281 Thomas St, Staten Island, NY 10306",,1348888,4,3,2716,SINGLE_FAMILY,House for sale,40.56861,-74.13778,32339699,https://www.zillow.com/homedetails/281-Thomas-St-Staten-Island-NY-10306/32339699_zpid/,sale,2026-01-31T14:48:21.468048
"4190 E Tremont Ave, Bronx, NY 10465",,995000,7,3,3967,MULTI_FAMILY,Multi-family home for sale,40.81762,-73.81677,29848893,https://www.zillow.com/homedetails/4190-E-Tremont-Ave-Bronx-NY-10465/29848893_zpid/,sale,2026-01-31T14:48:21.468049
"4 4th Ave Unit 2B, Brooklyn, NY 11217",,428000,2,1,900,CONDO,Condo for sale,40.684765,-73.978165,458226934,https://www.zillow.com/homedetails/4-4th-Ave-UNIT-2B-Brooklyn-NY-11217/458226934_zpid/,sale,2026-01-31T14:48:21.468050
"477 College Ave, Staten Island, NY 10314",,725000,3,2,1485,SINGLE_FAMILY,House for sale,40.621723,-74.13647,32282293,https://www.zillow.com/homedetails/477-College-Ave-Staten-Island-NY-10314/32282293_zpid/,sale,2026-01-31T14:48:21.468052
"205-12 34th Avenue, Bayside, NY 11361",,988000,3,3,1324,SINGLE_FAMILY,House for sale,40.768,-73.78333,32060075,https://www.zillow.com/homedetails/20512-34th-Ave-Bayside-NY-11361/32060075_zpid/,sale,2026-01-31T14:48:21.468053
"62 Bennett Pl, Staten Island, NY 10312",,1150000,5,4,2400,MULTI_FAMILY,Multi-family home for sale,40.528534,-74.16461,32366280,https://www.zillow.com/homedetails/62-Bennett-Pl-Staten-Island-NY-10312/32366280_zpid/,sale,2026-01-31T14:48:21.468054
"442 Ilyssa Way, Staten Island, NY 10312",,549000,3,4,1510,SINGLE_FAMILY,House for sale,40.56012,-74.186874,143786531,https://www.zillow.com/homedetails/442-Ilyssa-Way-Staten-Island-NY-10312/143786531_zpid/,sale,2026-01-31T14:48:21.468055
"(undisclosed Address), Bayside, NY 11361",,1775000,6,4,N/A,MULTI_FAMILY,Multi-family home for sale,N/A,N/A,32062888,https://www.zillow.com/homedetails/Flushing-NY-11361/32062888_zpid/,sale,2026-01-31T14:48:21.468057
"67-66 108th St Unit A38, Forest Hills, NY 11375",,189000,1,1,N/A,CONDO,Condo for sale,40.727413,-73.846985,439578864,https://www.zillow.com/homedetails/67-66-108th-St-UNIT-A38-Forest-Hills-NY-11375/439578864_zpid/,sale,2026-01-31T14:48:21.468059
"44 72nd St, Brooklyn, NY 11209",,998000,3,3,1160,SINGLE_FAMILY,House for sale,40.635376,-74.03574,30693899,https://www.zillow.com/homedetails/44-72nd-St-Brooklyn-NY-11209/30693899_zpid/,sale,2026-01-31T14:48:21.468060
"4756 196th St, Flushing, NY 11358",,1075000,4,3,1440,SINGLE_FAMILY,House for sale,40.751022,-73.78476,32051578,https://www.zillow.com/homedetails/4756-196th-St-Flushing-NY-11358/32051578_zpid/,sale,2026-01-31T14:48:21.468062
"103 S Railroad St, Staten Island, NY 10312",,849000,3,3,1800,SINGLE_FAMILY,House for sale,40.53962,-74.1809,32364939,https://www.zillow.com/homedetails/103-S-Railroad-St-Staten-Island-NY-10312/32364939_zpid/,sale,2026-01-31T14:48:21.468063
"3215 Avenue S, Brooklyn, NY 11234",,788000,3,2,1146,SINGLE_FAMILY,House for sale,40.608315,-73.93401,459962646,https://www.zillow.com/homedetails/3215-Avenue-S-Brooklyn-NY-11234/459962646_zpid/,sale,2026-01-31T14:48:21.468064
"238 W 112th St APT 5W, New York, NY 10026",,375000,4,1,1122,CONDO,Condo for sale,40.80109,-73.956,348731871,https://www.zillow.com/homedetails/238-W-112th-St-APT-5W-New-York-NY-10026/348731871_zpid/,sale,2026-01-31T14:48:21.468065
"280 Washington Ave, Brooklyn, NY 11205",,8990000,7,8,10000,TOWNHOUSE,Townhouse for sale,40.69028,-73.966774,30612247,https://www.zillow.com/homedetails/280-Washington-Ave-Brooklyn-NY-11205/30612247_zpid/,sale,2026-01-31T14:48:21.468067
"84-33 Shore Parkway #2, Howard Beach, NY 11414",,199000,2,1,750,CONDO,Condo for sale,40.663857,-73.8481,2056707953,https://www.zillow.com/homedetails/84-33-Shore-Pkwy-2-Howard-Beach-NY-11414/2056707953_zpid/,sale,2026-01-31T14:48:21.468068
"10967 203rd St, Saint Albans, NY 11412",,350000,5,2,1549,SINGLE_FAMILY,House for sale,40.706135,-73.75419,32156212,https://www.zillow.com/homedetails/10967-203rd-St-Saint-Albans-NY-11412/32156212_zpid/,sale,2026-01-31T14:48:21.468069
"10015 202nd St, Hollis, NY 11423",,529000,4,4,2650,SINGLE_FAMILY,House for sale,40.71025,-73.75734,32154359,https://www.zillow.com/homedetails/10015-202nd-St-Hollis-NY-11423/32154359_zpid/,sale,2026-01-31T14:48:21.468070
"133-15 225, Springfield Gardens, NY 11413",,399000,3,1,1228,SINGLE_FAMILY,House for sale,40.678253,-73.74424,460042873,https://www.zillow.com/homedetails/133-15-225-Springfield-Gardens-NY-11413/460042873_zpid/,sale,2026-01-31T14:48:21.468072
"1 Fillat St, Staten Island, NY 10314",,999999,6,3,2592,MULTI_FAMILY,Multi-family home for sale,40.61288,-74.14101,32283813,https://www.zillow.com/homedetails/1-Fillat-St-Staten-Island-NY-10314/32283813_zpid/,sale,2026-01-31T14:48:21.468073
"909 Jewett Ave, Staten Island, NY 10314",,1595000,4,4,2542,SINGLE_FAMILY,Coming soon,40.614315,-74.130554,124767423,https://www.zillow.com/homedetails/909-Jewett-Ave-Staten-Island-NY-10314/124767423_zpid/,sale,2026-01-31T14:48:21.468074
"1917 Haight Avenue, Bronx, NY 10461",,789000,4,3,1900,SINGLE_FAMILY,House for sale,40.851864,-73.85523,29817784,https://www.zillow.com/homedetails/1917-Haight-Ave-Bronx-NY-10461/29817784_zpid/,sale,2026-01-31T14:48:21.468075
"25-26 Bayside Lane, Bayside, NY 11358",,989000,4,3,1152,SINGLE_FAMILY,House for sale,40.773827,-73.797615,32036003,https://www.zillow.com/homedetails/2526-Bayside-Ln-Flushing-NY-11358/32036003_zpid/,sale,2026-01-31T14:48:21.468077
"9517 125th Street, Richmond Hill S., NY 11419",,630000,6,3,1726,SINGLE_FAMILY,House for sale,40.693653,-73.82203,32123442,https://www.zillow.com/homedetails/9517-125th-St-South-Richmond-Hill-NY-11419/32123442_zpid/,sale,2026-01-31T14:48:21.468078
"58 Saint Nicholas Ave #1, Brooklyn, NY 11237",,299900,8,6,4800,MULTI_FAMILY,Multi-family home for sale,40.706676,-73.920654,459856890,https://www.zillow.com/homedetails/58-Saint-Nicholas-Ave-1-Brooklyn-NY-11237/459856890_zpid/,sale,2026-01-31T14:48:21.468079
"360 Beach 59th Street #A Dock, Arverne, NY 11692",,225000,4,1,1600,SINGLE_FAMILY,House for sale,40.594387,-73.78919,448676072,https://www.zillow.com/homedetails/360-Beach-59th-St-A-Arverne-NY-11692/448676072_zpid/,sale,2026-01-31T14:48:21.468080
"883 Manor Rd, Staten Island, NY 10314",,799900,5,3,2045,MULTI_FAMILY,Multi-family home for sale,40.605457,-74.12058,32289001,https://www.zillow.com/homedetails/883-Manor-Rd-Staten-Island-NY-10314/32289001_zpid/,sale,2026-01-31T14:48:21.468082
"191 Willoughby Street #12K, Brooklyn, NY 11201",,589000,1,1,N/A,CONDO,Coming soon,40.69207,-73.98021,94639442,https://www.zillow.com/homedetails/191-Willoughby-St-APT-12K-Brooklyn-NY-11201/94639442_zpid/,sale,2026-01-31T14:48:21.468083
"396 8th St APT 2R, Brooklyn, NY 11215",,1050000,2,1,N/A,CONDO,Condo for sale,40.667595,-73.9818,79491365,https://www.zillow.com/homedetails/396-8th-St-APT-2R-Brooklyn-NY-11215/79491365_zpid/,sale,2026-01-31T14:48:21.468084
"81 Tuckahoe Ave, Staten Island, NY 10312",,750000,4,2,1911,SINGLE_FAMILY,Coming soon,40.527702,-74.18736,32367232,https://www.zillow.com/homedetails/81-Tuckahoe-Ave-Staten-Island-NY-10312/32367232_zpid/,sale,2026-01-31T14:48:21.468086
"105 Crown Ave, Staten Island, NY 10312",,649999,3,2,1800,SINGLE_FAMILY,House for sale,40.55179,-74.18514,32359741,https://www.zillow.com/homedetails/105-Crown-Ave-Staten-Island-NY-10312/32359741_zpid/,sale,2026-01-31T14:48:21.468087
"86-16 60th Avenue #6F, Flushing, NY 11373",,125000,1,1,750,CONDO,Condo for sale,40.73063,-73.87317,31991915,https://www.zillow.com/homedetails/8616-60th-Ave-Flushing-NY-11373/31991915_zpid/,sale,2026-01-31T14:48:21.468088
